avg_reduction,max_reduction,min_reduction
0.02975319758610156,3.090348094679875,-4.55872265063984
